{
  "title": "FracTimeWave - Advanced Temporal Analysis Application",
  "description": "FracTimeWave is a comprehensive web application implementing Danilo Madia's Fractal Graviton Theory (FGT) with enhanced Gravitonium field optimization, multi-language support, and advanced temporal analysis capabilities. Features include 10D+1 spacetime simulations, Sistema_Cronobinario temporal node predictions, historical event correlation, daily research monitoring with binary encoding, and interactive AI assistant.",
  "creators": [
    {
      "name": "Madia, Danilo",
      "affiliation": "Independent Researcher",
      "orcid": ""
    }
  ],
  "license": "MIT",
  "version": "2.0.0",
  "keywords": [
    "FracTimeWave",
    "fractal graviton theory",
    "sistema cronobinario",
    "temporal nodes",
    "gravitational waves",
    "gravitonium field",
    "10D physics",
    "multidimensional spacetime",
    "binary temporal analysis",
    "hamming distance",
    "shannon entropy",
    "multi-language",
    "historical correlation",
    "research monitoring"
  ],
  "subjects": [
    {"term": "Theoretical Physics", "scheme": "subjects"},
    {"term": "Gravitational Waves", "scheme": "subjects"},
    {"term": "Multidimensional Physics", "scheme": "subjects"},
    {"term": "Temporal Analysis", "scheme": "subjects"},
    {"term": "Fractal Mathematics", "scheme": "subjects"},
    {"term": "Scientific Software", "scheme": "subjects"}
  ],
  "related_identifiers": [
    {
      "identifier": "https://doi.org/10.5281/zenodo.16734344",
      "relation": "isSupplementTo",
      "scheme": "doi"
    },
    {
      "identifier": "https://doi.org/10.5281/zenodo.16738046",
      "relation": "isSupplementTo", 
      "scheme": "doi"
    }
  ],
  "upload_type": "software",
  "access_right": "open",
  "language": "en",
  "notes": "FracTimeWave v2.0.0 - Enhanced theoretical physics application featuring multi-language support (Italian, English, French, German, Spanish, Arabic, Chinese), Gravitonium field optimization with coupling constant g_g ≈ 10³ and mass term m² ≈ 10⁸ eV², historical event correlation (1900-2025), daily research monitoring with SHA-256 binary encoding, Hamming distance analysis, FAQ-based AI assistant, and comprehensive temporal node prediction system. Implements advanced 10D+1 spacetime modeling with fractal dimension D₁₀,f = 1.7 for gravitational wave simulations and Sistema_Cronobinario for temporal pattern analysis. MIT licensed for open scientific collaboration."
}